benchmark,gpt-4o-mini_baseline,gpt-4o-mini_octoSel,gpt-3.5-turbo-0125_baseline,gpt-3.5-turbo-0125_octoSel,gpt-4o_baseline,gpt-4o_octoSel,gemini-1.5-flash-8b_baseline,gemini-1.5-flash-8b_octoSel,gemini-1.5-flash_baseline,gemini-1.5-flash_octoSel,gemini-1.5-pro_baseline,gemini-1.5-pro_octoSel,claude-3-5-haiku-20241022_baseline,claude-3-5-haiku-20241022_octoSel,claude-3-5-sonnet-20241022_baseline,claude-3-5-sonnet-20241022_octoSel
spider,0.02379,0.02379,0.325455,0.2202,0.4342775,0.27275,0.006573,0.00681,0.011709,0.00811,0.195791,0.14591,0.15614,0.15742,0.597462,0.39918
BIRD,0.06238,0.06344,0.79425,0.74657,1.04768,0.94245,0.01744,0.01748,0.03032,0.12298,0.50509,0.45821,0.41542,0.42942,1.40628,1.3375
IMDb,0.10054180898376744,0.10054180898376744,1.413225,0.2585163169954516,1.1425725,0.5298103159708948,0.017832,0.0175689597826087,0.03550,0.031145283152173922,0.596096,0.4554520000000001,0.373267,0.3732664612084814,1.440213,0.508162479608627